{
  "unet_standard": {
    "params": 31037633,
    "flops": 54737764352.0,
    "inference_time": 0.007118420600891113
  },
  "unet_with_depthwise": {
    "params": 5988252,
    "flops": 14139850752.0,
    "inference_time": 0.0040429306030273435
  },
  "unet_with_se_depthwise": {
    "params": 6206364,
    "flops": 14156062592.0,
    "inference_time": 0.0060262584686279295
  },
  "unet_with_se_depthwise_reduced": {
    "params": 6097308,
    "flops": 14155953536.0,
    "inference_time": 0.0056980085372924805
  },
  "unet_with_spatial_attn": {
    "params": 6206756,
    "flops": 14164592512.0,
    "inference_time": 0.006655426025390625
  }
}