{
  "unet_standard": {
    "train_losses": [],
    "val_losses": [],
    "val_dices": [],
    "val_ious": [],
    "learning_rates": [],
    "best_val_dice": 0.8761917012078422,
    "epochs": 25,
    "loaded_from_checkpoint": false
  },
  "unet_with_depthwise": {
    "train_losses": [
      0.31941584667615724,
      0.3054384772191968
    ],
    "val_losses": [
      0.2838429900316092,
      0.28640393110421986
    ],
    "val_dices": [
      0.8856362058566167,
      0.8868954227520869
    ],
    "val_ious": [
      0.7954531587087191,
      0.7974183330169091
    ],
    "learning_rates": [
      0.0001,
      0.0001
    ],
    "best_val_dice": 0.8868954227520869,
    "epochs": 25,
    "loaded_from_checkpoint": false
  },
  "unet_with_se_depthwise": {
    "train_losses": [
      1.240045005815071,
      1.036130896785803,
      0.9199585078055399,
      0.8471823564746923,
      0.7886208755928173,
      0.7400648039683961,
      0.6849300882272553,
      0.6312730270519591,
      0.5920139561619675,
      0.5454392820073847,
      0.5129143799606123,
      0.46917911370595294,
      0.4430062729015685,
      0.42926861371910363,
      0.3906072299731405,
      0.38898881590157225,
      0.3694674090335244,
      0.35269121747267873,
      0.33181636270723847,
      0.32701566632379564,
      0.3130230906239727,
      0.3053606458400425,
      0.3011975050495382,
      0.2881892571846644,
      0.294266093979802
    ],
    "val_losses": [
      1.188666848035959,
      0.9325681420472952,
      0.8413737553816575,
      0.803111310188587,
      0.7481958361772391,
      0.7621525205098666,
      0.643625273154332,
      0.566041634632991,
      0.535725705898725,
      0.5293264366113223,
      0.48645312969501203,
      0.4419521620640388,
      0.41313427686691284,
      0.42205657867284924,
      0.3814054475380824,
      0.37017881641021144,
      0.3633848955998054,
      0.36455220213303197,
      0.3319716430627383,
      0.334515230013774,
      0.32145665471370405,
      0.31228072482805985,
      0.3063934353681711,
      0.3155539012872256,
      0.2882237285375595
    ],
    "val_dices": [
      0.7156019715162424,
      0.8307172060012817,
      0.8492264793469355,
      0.8475940273358271,
      0.8519996404647827,
      0.8164122379743136,
      0.8697062272291917,
      0.8744770380166861,
      0.8750991087693435,
      0.8691614591158353,
      0.8768326044082642,
      0.8775556225043076,
      0.8782163399916428,
      0.8756392047955439,
      0.8794143062371474,
      0.879264446405264,
      0.8766043277887198,
      0.8706152943464426,
      0.8804020514855018,
      0.8723223897127005,
      0.8747993982755221,
      0.8775525047228887,
      0.8813165380404546,
      0.8751726288061875,
      0.8879225987654465
    ],
    "val_ious": [
      0.559048748933352,
      0.7116892016850985,
      0.7394154255206769,
      0.73777214380411,
      0.744606444468865,
      0.6918429136276245,
      0.771231091939486,
      0.7793737008021429,
      0.7788555897199191,
      0.7706336654149569,
      0.7822284744336054,
      0.7844400451733515,
      0.7847663301687974,
      0.7819892855790945,
      0.788098523249993,
      0.7869148758741525,
      0.7836392934505756,
      0.7738222754918612,
      0.7885285524221567,
      0.7767681846251855,
      0.77993427331631,
      0.786082176061777,
      0.789363301717318,
      0.7818480821756216,
      0.800427102125608
    ],
    "learning_rates": [
      0.0001,
      0.0001,
      0.0001,
      0.0001,
      0.0001,
      0.0001,
      0.0001,
      0.0001,
      0.0001,
      0.0001,
      0.0001,
      0.0001,
      0.0001,
      0.0001,
      0.0001,
      0.0001,
      0.0001,
      0.0001,
      0.0001,
      0.0001,
      0.0001,
      0.0001,
      0.0001,
      0.0001,
      0.0001
    ],
    "best_val_dice": 0.8879225987654465,
    "epochs": 25,
    "loaded_from_checkpoint": false
  },
  "unet_with_se_depthwise_reduced": {
    "train_losses": [
      1.2705026300329911,
      1.013935058786158,
      0.881096921469036,
      0.8083501175830239,
      0.7516336430583084,
      0.7046776194321481,
      0.6619436709504378,
      0.629314849251195,
      0.5948299566904703,
      0.5589861362649683,
      0.5195702518287458,
      0.4962357669545893,
      0.47395336471105876,
      0.45106565638592366,
      0.43403726711607815,
      0.4220651356797469,
      0.39600189108597605,
      0.3805299699306488,
      0.3656663507745977,
      0.3583669761816661,
      0.3402294605447535,
      0.3224134304021534,
      0.3186014697217105,
      0.32070014011441617,
      0.30837012958108334
    ],
    "val_losses": [
      1.2181755946232722,
      0.8864391354414133,
      0.819660117992988,
      0.7536439849780157,
      0.7024142788006709,
      0.6684379715185899,
      0.6133445959824783,
      0.5856658632938678,
      0.5509553872621976,
      0.5148305892944336,
      0.48513569281651425,
      0.4752270052066216,
      0.4366112764065082,
      0.44103643756646377,
      0.4260762815292065,
      0.39151744888379025,
      0.38275765684934765,
      0.3533229185984685,
      0.362762458049334,
      0.3403865396976471,
      0.3384258265678699,
      0.3241463326490842,
      0.32601580253014195,
      0.3178893832060007,
      0.3102713433595804
    ],
    "val_dices": [
      0.5896664743240063,
      0.8372213427837079,
      0.8122472487963163,
      0.8654144956515386,
      0.8627744225355295,
      0.8708578118911157,
      0.8716951792056744,
      0.8724032778006333,
      0.8748136346156781,
      0.882244178882012,
      0.8819332489600549,
      0.8674112833463229,
      0.8823634065114535,
      0.8763872981071472,
      0.8760936902119563,
      0.8808509707450867,
      0.884219215466426,
      0.8855601870096647,
      0.8814687453783475,
      0.8807920996959393,
      0.8835687224681561,
      0.8874559998512268,
      0.8778431690656222,
      0.8833866165234492,
      0.8848372606130747
    ],
    "val_ious": [
      0.42287177305955154,
      0.7212503093939561,
      0.6846917455012982,
      0.7641403537530166,
      0.7614520375545208,
      0.7729225846437308,
      0.7747760323377756,
      0.7760600768602811,
      0.7785841180728033,
      0.7909054710314825,
      0.7901461353668799,
      0.7671353404338543,
      0.7914895736254178,
      0.7825470291651212,
      0.780836297915532,
      0.7881321127598102,
      0.7932870388031006,
      0.7964104093038119,
      0.789628056379465,
      0.7886047638379611,
      0.7927465117894686,
      0.7985856945698078,
      0.7836622962584863,
      0.7930336181934063,
      0.7955259497349079
    ],
    "learning_rates": [
      0.0001,
      0.0001,
      0.0001,
      0.0001,
      0.0001,
      0.0001,
      0.0001,
      0.0001,
      0.0001,
      0.0001,
      0.0001,
      0.0001,
      0.0001,
      0.0001,
      0.0001,
      0.0001,
      0.0001,
      0.0001,
      0.0001,
      0.0001,
      0.0001,
      0.0001,
      0.0001,
      0.0001,
      0.0001
    ],
    "best_val_dice": 0.8848372606130747,
    "epochs": 25,
    "loaded_from_checkpoint": false
  },
  "unet_with_spatial_attn": {
    "train_losses": [
      1.2305371154818618,
      1.0127910135085123,
      0.904754056219469,
      0.8347272120024029,
      0.764099427482538,
      0.7146074134006835,
      0.6670306889634383,
      0.6229392844333983,
      0.5782476621761656,
      0.5467732747395834,
      0.49812915346078707,
      0.4703994283550664,
      0.438131802960446,
      0.4088124204100224,
      0.39866383243025394,
      0.3787969931175834,
      0.35825961619092705,
      0.3422003328277354,
      0.3366048069376695,
      0.33044932102947905,
      0.307710211527975,
      0.3038451425861894,
      0.2949510227169907,
      0.27494328978814575,
      0.2746623506148656
    ],